<!DOCTYPE html>,match_id
<html,NA
NA,1426295
NA,1426296
NA,1426297
NA,1426298
NA,1426299
NA,1426300
NA,1422119
NA,1422120
NA,1422121
NA,1422122
NA,1422123
NA,1422124
NA,1422125
NA,1422126
NA,1422127
NA,1422128
NA,1422129
NA,1422130
NA,1422131
NA,1422132
NA,1422133
NA,1422134
NA,1422135
NA,1422136
NA,1422137
NA,1422138
NA,1422139
NA,1426260
NA,1426261
NA,1426262
NA,1426263
NA,1426264
NA,1426265
NA,1426266
NA,1426267
NA,1426268
NA,1426269
NA,1426270
NA,1426271
NA,1426272
NA,1426273
NA,1426274
NA,1426275
NA,1426276
NA,1426277
NA,1426278
NA,1426279
NA,1426280
NA,1426281
NA,1426282
NA,1426283
NA,1426284
NA,1426285
NA,1426286
NA,1426287
NA,1426288
NA,1426289
NA,1426290
NA,1426291
NA,1426292
NA,1426293
NA,1426294
